partner_id,week,city,service_type,trips,earnings,avg_rating,trips_cancelled,harsh_events,refund_txns,wallet_topups,wallet_withdrawals,digital_payment_ratio
1,1,CityC,Merchant,74,654.647604471557,4.726015559017523,10,0,5,5,1,0.25455122212603554
1,2,CityC,Merchant,65,633.9017448555612,4.726015559017523,3,1,0,5,5,0.7673995671840615
1,3,CityC,Merchant,61,556.4051283008608,4.726015559017523,5,0,0,3,0,0.9207872281133754
1,4,CityC,Merchant,64,571.0991921386534,4.726015559017523,6,0,1,3,1,0.6631439417008846
1,5,CityC,Merchant,80,747.1075144712509,4.726015559017523,7,3,6,5,3,0.6082149819894224
1,6,CityC,Merchant,60,555.6304180726903,4.726015559017523,7,1,1,0,0,0.9388538961104397
1,7,CityC,Merchant,55,562.797072767355,4.726015559017523,0,3,3,4,1,0.4046958692626317
1,8,CityC,Merchant,55,487.14682138830676,4.726015559017523,2,2,2,4,6,0.7062580691395457
1,9,CityC,Merchant,81,827.0450219128534,4.726015559017523,9,2,0,4,2,0.12671480783372413
1,10,CityC,Merchant,56,544.3715382469608,4.726015559017523,6,2,0,2,2,0.23703809416590377
2,1,CityB,Bike,57,466.2551282419161,5.0,6,1,0,2,6,0.23995747517150048
2,2,CityB,Bike,68,605.815525005531,5.0,6,0,0,7,0,0.4432607453993347
2,3,CityB,Bike,60,504.0454555827919,5.0,8,3,3,3,5,0.12809312296546613
2,4,CityB,Bike,60,514.4722786552624,5.0,7,1,2,6,2,0.4142062876521938
2,5,CityB,Bike,68,598.1390153109006,5.0,9,4,0,7,4,0.8296049840916618
3,1,CityD,Merchant,43,347.4239930369086,4.830940014402642,4,0,4,2,6,0.6609864391290522
3,2,CityD,Merchant,28,246.15880402432325,4.830940014402642,2,0,3,2,6,0.3881753223913956
3,3,CityD,Merchant,50,446.1735566710054,4.830940014402642,9,0,1,3,5,0.10781749387413521
3,4,CityD,Merchant,29,220.6313746955056,4.830940014402642,0,0,1,0,3,0.7053523381454054
3,5,CityD,Merchant,30,260.23323047166406,4.830940014402642,5,1,0,6,5,0.30739119687222105
3,6,CityD,Merchant,26,235.27304112651566,4.830940014402642,3,1,1,7,0,0.2659565396283378
3,7,CityD,Merchant,28,209.45150783481873,4.830940014402642,1,3,1,0,4,0.8890707781995665
4,1,CityA,Merchant,55,514.0378608966622,5.0,4,2,0,1,7,0.6704719893004429
4,2,CityA,Merchant,59,561.8498382992824,5.0,2,2,1,6,4,0.3520336221006287
4,3,CityA,Merchant,49,490.9062159054415,5.0,0,0,0,5,3,0.8536245766080609
4,4,CityA,Merchant,59,523.5698056815169,5.0,5,1,2,5,1,0.8313439255649239
5,1,CityD,Car,75,302.9697191250855,4.422575537889577,10,2,2,7,3,0.21283360890652436
5,2,CityD,Car,69,288.19415963554576,4.422575537889577,6,0,2,0,1,0.8779316684825084
5,3,CityD,Car,66,276.1574446846257,4.422575537889577,1,2,2,7,6,0.4703219638762074
5,4,CityD,Car,59,230.77491036836244,4.422575537889577,1,0,1,7,1,0.7488597595533243
6,1,CityA,Merchant,54,296.38693801279203,4.82021509001041,7,2,4,1,0,0.8371190935217532
6,2,CityA,Merchant,63,393.34890361677407,4.82021509001041,9,0,4,3,2,0.7973628172055778
6,3,CityA,Merchant,46,266.94080334956607,4.82021509001041,1,0,1,4,1,0.6793716186268712
6,4,CityA,Merchant,63,370.6979662123779,4.82021509001041,3,1,0,0,4,0.9224434687922103
6,5,CityA,Merchant,35,215.63908792825808,4.82021509001041,4,0,2,7,4,0.3028073308217891
6,6,CityA,Merchant,71,447.04716756171007,4.82021509001041,6,1,1,4,2,0.18498715408758387
6,7,CityA,Merchant,53,351.55415049302485,4.82021509001041,5,0,0,3,2,0.2808187107705946
6,8,CityA,Merchant,67,443.5537000754115,4.82021509001041,5,7,1,2,6,0.5640284046402406
7,1,CityB,Car,95,729.333078007651,4.9431213732365435,9,1,1,4,0,0.8483059733426542
7,2,CityB,Car,97,802.9230972874838,4.9431213732365435,7,2,2,2,6,0.4692840678150306
7,3,CityB,Car,93,718.6813947177677,4.9431213732365435,6,5,5,2,4,0.30188050059859944
7,4,CityB,Car,89,663.0600723604758,4.9431213732365435,7,8,2,7,5,0.8859468306900565
7,5,CityB,Car,70,616.6656762763276,4.9431213732365435,4,0,0,0,4,0.6923862974842425
8,1,CityA,Bike,32,252.71161045987145,4.834767468462848,2,0,5,5,6,0.5556819113925023
8,2,CityA,Bike,44,384.2866608379932,4.834767468462848,3,4,2,1,1,0.8928192108509112
8,3,CityA,Bike,29,262.1381481595317,4.834767468462848,0,1,0,4,1,0.4237572281363683
8,4,CityA,Bike,33,273.2108250625739,4.834767468462848,0,2,6,4,6,0.7536393029034338
8,5,CityA,Bike,47,431.07560481682617,4.834767468462848,4,0,2,5,0,0.6709455817449782
8,6,CityA,Bike,19,147.66104491603144,4.834767468462848,2,1,1,4,5,0.8451555622595932
9,1,CityC,Car,50,226.41510458741436,4.803164593810112,0,1,1,6,1,0.3960171469698053
9,2,CityC,Car,44,211.97144001151733,4.803164593810112,5,3,1,7,0,0.5182988491176075
9,3,CityC,Car,33,173.75540956029252,4.803164593810112,2,0,0,6,7,0.2291172894854502
9,4,CityC,Car,19,84.68432844318386,4.803164593810112,1,1,1,1,4,0.2634456659873702
9,5,CityC,Car,27,119.04054972380534,4.803164593810112,0,0,1,0,1,0.7794988390726862
9,6,CityC,Car,30,147.80941206589293,4.803164593810112,2,0,1,0,2,0.25684286645292076
9,7,CityC,Car,30,143.6766231613869,4.803164593810112,2,1,0,6,2,0.8609258120341194
9,8,CityC,Car,23,110.75215922112734,4.803164593810112,0,0,0,4,3,0.11706051811106742
9,9,CityC,Car,25,115.9586918584679,4.803164593810112,2,1,1,6,3,0.5565405605457656
9,10,CityC,Car,29,141.7383672115085,4.803164593810112,3,0,1,1,2,0.4026822170131693
9,11,CityC,Car,36,163.85810652897084,4.803164593810112,0,0,0,6,7,0.8622506109324614
9,12,CityC,Car,37,162.82857445871335,4.803164593810112,3,0,3,3,6,0.7945112603068879
10,1,CityA,Car,96,803.187010776594,4.625458674535443,5,1,1,7,5,0.5940524882092204
10,2,CityA,Car,69,619.8506032783355,4.625458674535443,1,0,2,1,3,0.3164445565491993
10,3,CityA,Car,57,527.2019676409695,4.625458674535443,7,1,3,5,3,0.9202728740665357
10,4,CityA,Car,73,708.6563589976026,4.625458674535443,0,3,1,0,4,0.27138322204058285
11,1,CityB,Bike,64,556.5613191353302,4.775481110271107,7,1,1,6,0,0.29738079087479474
11,2,CityB,Bike,52,499.07977576558375,4.775481110271107,3,3,1,6,2,0.3846697724585232
11,3,CityB,Bike,59,536.951707836741,4.775481110271107,8,1,0,6,0,0.12850256952541247
11,4,CityB,Bike,51,459.5955022082207,4.775481110271107,9,2,1,7,3,0.4376941969763122
11,5,CityB,Bike,51,428.71596921463254,4.775481110271107,7,2,1,4,3,0.2543580592812118
11,6,CityB,Bike,59,567.1944333791063,4.775481110271107,5,3,0,5,1,0.6197361001194506
12,1,CityA,Bike,92,636.5364787613025,4.550487894894282,4,2,0,3,5,0.8118671706521182
12,2,CityA,Bike,66,471.6175719220309,4.550487894894282,5,1,3,2,6,0.4523288965730835
12,3,CityA,Bike,68,551.293358453151,4.550487894894282,9,3,0,2,2,0.31099247634357907
12,4,CityA,Bike,67,459.16506456897815,4.550487894894282,5,0,1,0,3,0.4901406398144611
12,5,CityA,Bike,81,619.1962117797923,4.550487894894282,11,0,1,2,2,0.7798147187631289
12,6,CityA,Bike,74,573.2547322123401,4.550487894894282,7,1,3,5,3,0.5089247561294481
12,7,CityA,Bike,57,430.5358671048178,4.550487894894282,4,0,1,2,5,0.5475916966603996
12,8,CityA,Bike,91,653.9047369662817,4.550487894894282,3,2,5,3,6,0.7126911318639306
12,9,CityA,Bike,57,457.09884289438395,4.550487894894282,9,5,1,5,6,0.37539155194077967
12,10,CityA,Bike,81,641.0631878539011,4.550487894894282,7,4,5,4,3,0.3854859785773598
12,11,CityA,Bike,71,571.4928593423298,4.550487894894282,1,2,2,4,3,0.2865839463188149
13,1,CityD,Car,46,214.87352486048647,4.823327188563005,5,1,1,5,3,0.21243477945653083
13,2,CityD,Car,45,218.56889219695577,4.823327188563005,6,2,0,5,1,0.7121721943874514
13,3,CityD,Car,49,211.52115100451624,4.823327188563005,1,1,1,4,6,0.5873002214524905
13,4,CityD,Car,39,192.63249258874416,4.823327188563005,2,1,0,4,4,0.811517142097575
13,5,CityD,Car,54,249.8349094513419,4.823327188563005,9,4,3,5,4,0.5111917006425508
13,6,CityD,Car,45,196.59175458930886,4.823327188563005,8,1,1,0,0,0.39880913696408604
13,7,CityD,Car,25,115.09269138302759,4.823327188563005,3,0,0,2,5,0.10446574577462718
13,8,CityD,Car,39,193.96712361682768,4.823327188563005,7,1,1,2,7,0.6431069775341225
13,9,CityD,Car,36,177.41398655640722,4.823327188563005,5,4,2,0,4,0.6694298448675333
14,1,CityD,Bike,46,230.17981017662734,4.665019611159812,7,0,1,5,6,0.40999266203871
14,2,CityD,Bike,27,147.82165765125671,4.665019611159812,2,0,1,5,0,0.7271774018705462
14,3,CityD,Bike,63,321.5492780692052,4.665019611159812,7,1,0,4,4,0.42636930643176685
14,4,CityD,Bike,61,295.93103257224374,4.665019611159812,2,1,0,4,5,0.35245244498664985
14,5,CityD,Bike,29,157.8227164086805,4.665019611159812,3,1,0,0,7,0.20577192370232789
14,6,CityD,Bike,41,228.52714815787144,4.665019611159812,6,5,0,7,3,0.8121518749907586
14,7,CityD,Bike,20,96.19048709722968,4.665019611159812,1,0,0,7,5,0.7806542340603938
14,8,CityD,Bike,23,117.3463958420245,4.665019611159812,2,0,3,2,7,0.49387363598327694
14,9,CityD,Bike,41,213.5460945109419,4.665019611159812,1,3,1,2,3,0.5051753040808131
14,10,CityD,Bike,35,193.27857382354608,4.665019611159812,3,0,0,1,5,0.9178036767032423
15,1,CityD,Bike,108,953.6436531246794,4.769921811165052,12,3,5,0,2,0.8372000708158319
15,2,CityD,Bike,99,939.1896234624998,4.769921811165052,14,4,2,2,4,0.8410669985834471
15,3,CityD,Bike,92,878.6716848347074,4.769921811165052,4,4,0,5,2,0.9340082513233099
15,4,CityD,Bike,87,813.2179717464633,4.769921811165052,5,3,1,1,0,0.9185432032801454
15,5,CityD,Bike,108,1068.5691008570354,4.769921811165052,5,1,2,5,0,0.5948448911498323
15,6,CityD,Bike,81,714.9485607098653,4.769921811165052,4,7,5,2,3,0.7445237165396692
15,7,CityD,Bike,94,902.3788138021537,4.769921811165052,9,5,2,6,6,0.77558811643744
15,8,CityD,Bike,75,709.5017733430554,4.769921811165052,1,3,3,3,7,0.4674845808862116
16,1,CityC,Merchant,59,377.60974169589673,4.626581603426923,6,0,1,6,3,0.5022284206878236
16,2,CityC,Merchant,69,474.13745618475383,4.626581603426923,11,1,1,2,3,0.7770566973297498
16,3,CityC,Merchant,70,454.5992565925639,4.626581603426923,0,2,0,6,5,0.594675691627239
16,4,CityC,Merchant,74,464.0642082477436,4.626581603426923,1,0,2,7,2,0.6907346032075611
16,5,CityC,Merchant,59,412.2828944328136,4.626581603426923,3,0,3,7,6,0.5240549304336527
16,6,CityC,Merchant,81,534.2862275946026,4.626581603426923,0,0,0,3,1,0.43738478477135667
16,7,CityC,Merchant,74,446.92636163244657,4.626581603426923,8,2,0,2,4,0.7005043675138659
16,8,CityC,Merchant,66,448.2000870733746,4.626581603426923,10,2,1,3,7,0.5654535197306758
17,1,CityD,Bike,61,427.84641029336467,4.519261125781153,6,1,2,4,6,0.46860703386293057
17,2,CityD,Bike,40,250.28025944660274,4.519261125781153,0,1,1,3,1,0.44277215695525707
17,3,CityD,Bike,40,259.08900816471873,4.519261125781153,3,1,2,3,3,0.7525653048567632
17,4,CityD,Bike,30,206.76284402779945,4.519261125781153,2,0,1,6,1,0.7740126804147868
17,5,CityD,Bike,36,242.11694485971216,4.519261125781153,4,1,1,1,3,0.41692134161059424
17,6,CityD,Bike,31,213.98665099788428,4.519261125781153,0,0,1,6,0,0.6632280871570723
17,7,CityD,Bike,47,311.4565436330185,4.519261125781153,5,0,1,6,6,0.29947293252231844
17,8,CityD,Bike,37,274.31147559712525,4.519261125781153,2,1,0,7,2,0.9062958516237186
17,9,CityD,Bike,37,248.61371375798387,4.519261125781153,3,2,1,6,6,0.5744192121547834
18,1,CityD,Bike,104,435.0166014005323,4.616769501829299,4,3,0,1,0,0.6432519471431752
18,2,CityD,Bike,96,447.5577341404969,4.616769501829299,7,3,0,4,3,0.6989786483261496
18,3,CityD,Bike,103,489.3160987093898,4.616769501829299,3,4,1,6,6,0.9029220865529197
18,4,CityD,Bike,86,387.14386284259905,4.616769501829299,7,4,1,5,3,0.6750363779106595
18,5,CityD,Bike,103,437.78521819041293,4.616769501829299,7,11,2,0,0,0.8401404327866703
18,6,CityD,Bike,85,389.9608004695081,4.616769501829299,9,3,2,5,1,0.7479423645601233
18,7,CityD,Bike,94,434.14478070547534,4.616769501829299,3,0,1,4,2,0.43027438607979385
19,1,CityD,Bike,53,297.21258272577506,4.955656738648479,5,2,1,4,4,0.39006065348223284
19,2,CityD,Bike,44,232.99191023425288,4.955656738648479,3,1,3,1,3,0.9121951415616945
19,3,CityD,Bike,49,288.54237416112835,4.955656738648479,2,0,0,3,5,0.3611964701873436
19,4,CityD,Bike,55,316.4735162463481,4.955656738648479,4,2,0,0,5,0.25397694710447827
19,5,CityD,Bike,42,229.0078723423374,4.955656738648479,2,0,2,6,5,0.5676925608328225
19,6,CityD,Bike,57,281.0010626205036,4.955656738648479,10,3,1,0,6,0.619333840523343
19,7,CityD,Bike,63,369.136596665153,4.955656738648479,2,1,2,1,0,0.18120501675946796
19,8,CityD,Bike,48,266.863618163731,4.955656738648479,4,1,1,0,5,0.12009279813938595
19,9,CityD,Bike,64,350.4597728638664,4.955656738648479,2,2,1,4,1,0.44367095288864833
19,10,CityD,Bike,68,363.6203144270538,4.955656738648479,9,1,1,1,7,0.333036566575835
19,11,CityD,Bike,40,210.71712392423407,4.955656738648479,1,0,0,5,7,0.653245763690115
19,12,CityD,Bike,44,240.28513207605664,4.955656738648479,2,5,1,1,6,0.4954247704411604
20,1,CityA,Merchant,31,230.22515782408473,5.0,0,1,2,7,5,0.29944576957713553
20,2,CityA,Merchant,30,243.00221949472277,5.0,4,1,0,6,7,0.2085564610899496
20,3,CityA,Merchant,37,290.6220924675531,5.0,5,0,0,4,1,0.8964141495764033
20,4,CityA,Merchant,22,158.88078252235292,5.0,2,2,3,4,3,0.27723393720373546
20,5,CityA,Merchant,46,368.4049770417842,5.0,2,2,3,7,6,0.35897726823333465
20,6,CityA,Merchant,39,268.8000571009388,5.0,3,2,0,5,0,0.8843436119363851
20,7,CityA,Merchant,33,242.70511254331942,5.0,4,0,0,4,1,0.15794646297766954
20,8,CityA,Merchant,41,330.4909552364971,5.0,2,1,0,4,2,0.6266497616631551
20,9,CityA,Merchant,46,349.38338068158214,5.0,0,2,2,4,6,0.6907799445297702
20,10,CityA,Merchant,34,260.34384872440705,5.0,0,3,0,3,3,0.5479852443249039
20,11,CityA,Merchant,37,268.7965606302272,5.0,2,0,0,5,6,0.7235722234771917
21,1,CityC,Car,23,98.39089583052834,4.7077268783224335,1,0,2,1,4,0.9156401476728784
21,2,CityC,Car,14,57.472660592431225,4.7077268783224335,2,0,0,3,1,0.5046154099634516
21,3,CityC,Car,23,91.20087152542659,4.7077268783224335,1,2,2,0,0,0.6849145001735608
21,4,CityC,Car,8,34.747177148378015,4.7077268783224335,1,0,1,7,0,0.6218435470460525
21,5,CityC,Car,19,70.56168259017996,4.7077268783224335,0,1,0,0,6,0.7088748798532799
21,6,CityC,Car,15,58.51084031754666,4.7077268783224335,1,0,0,5,5,0.7497167628884756
21,7,CityC,Car,36,139.50412298131553,4.7077268783224335,0,1,2,1,6,0.2748341728662218
21,8,CityC,Car,26,111.5277820932189,4.7077268783224335,3,1,0,7,1,0.6115993511908737
21,9,CityC,Car,14,57.865034983039145,4.7077268783224335,3,0,1,6,0,0.41634197026188635
22,1,CityA,Car,61,329.46911570541357,4.964444895842292,10,5,1,4,5,0.8156987699565522
22,2,CityA,Car,49,285.1302267651287,4.964444895842292,2,5,0,4,4,0.7170829234875011
22,3,CityA,Car,48,288.06644842246067,4.964444895842292,2,3,1,7,2,0.3529161836209975
22,4,CityA,Car,59,357.7796143921263,4.964444895842292,7,0,0,4,2,0.9430384586469589
22,5,CityA,Car,47,243.94882171969854,4.964444895842292,4,0,2,2,1,0.4020768833828785
22,6,CityA,Car,43,218.62812236350462,4.964444895842292,2,1,1,2,7,0.22655484278257798
22,7,CityA,Car,55,298.28494114415776,4.964444895842292,15,1,4,2,1,0.432796843451155
22,8,CityA,Car,57,289.6799867430467,4.964444895842292,5,0,1,5,2,0.1551255553105231
22,9,CityA,Car,33,189.18944595919496,4.964444895842292,3,1,1,3,2,0.5235173299239356
22,10,CityA,Car,52,305.61055587293566,4.964444895842292,6,0,1,1,6,0.2875201598045296
22,11,CityA,Car,34,195.6223985844723,4.964444895842292,10,2,1,7,6,0.20058576228487923
22,12,CityA,Car,52,286.60567379884475,4.964444895842292,5,0,0,0,5,0.8069424871244074
23,1,CityB,Bike,75,717.2569280024379,4.658085121370537,3,0,1,0,3,0.7506859641424433
23,2,CityB,Bike,64,575.1150333443434,4.658085121370537,4,3,1,3,1,0.3398590134892201
23,3,CityB,Bike,61,636.087591697497,4.658085121370537,2,2,0,4,3,0.12857156015579024
23,4,CityB,Bike,61,536.8313764567628,4.658085121370537,5,1,2,1,7,0.6642212332492506
23,5,CityB,Bike,70,734.0637660244122,4.658085121370537,1,1,2,2,6,0.2683829878457791
23,6,CityB,Bike,75,732.7564088860252,4.658085121370537,10,2,0,3,6,0.3133216621392533
23,7,CityB,Bike,72,697.6218393803935,4.658085121370537,3,0,3,5,5,0.48955554529935796
23,8,CityB,Bike,81,778.7791525032816,4.658085121370537,5,4,1,4,6,0.5636170889958696
23,9,CityB,Bike,70,716.4549974756546,4.658085121370537,2,1,0,6,3,0.7432387798353397
24,1,CityB,Bike,31,177.8320495759684,4.841931590076445,1,0,1,3,2,0.189652644963136
24,2,CityB,Bike,18,97.07863136084252,4.841931590076445,2,2,0,7,3,0.7739262561787634
24,3,CityB,Bike,52,288.12489740988525,4.841931590076445,6,0,3,6,7,0.82860236844894
24,4,CityB,Bike,44,248.778447532817,4.841931590076445,6,0,1,3,7,0.22928864073893193
24,5,CityB,Bike,54,258.8571227933726,4.841931590076445,9,4,4,4,5,0.6394705822658502
24,6,CityB,Bike,23,112.238253313994,4.841931590076445,3,0,1,0,3,0.8567193450651318
24,7,CityB,Bike,35,171.5827775609235,4.841931590076445,6,1,0,6,3,0.4903754175972318
24,8,CityB,Bike,30,152.4169467018225,4.841931590076445,4,0,2,5,0,0.303892995842553
24,9,CityB,Bike,30,155.32085527157915,4.841931590076445,4,0,1,6,2,0.6390208175513763
25,1,CityD,Merchant,37,162.2446563494618,4.587606307770411,3,2,0,6,4,0.1282109513780623
25,2,CityD,Merchant,32,142.5984190157353,4.587606307770411,6,2,2,1,2,0.8711157760999554
25,3,CityD,Merchant,41,175.36566484281124,4.587606307770411,3,2,3,5,2,0.45916616406515287
25,4,CityD,Merchant,53,223.30165293280393,4.587606307770411,9,2,2,1,2,0.7841707603152228
25,5,CityD,Merchant,25,123.590323917639,4.587606307770411,2,0,0,5,0,0.11054343083571758
25,6,CityD,Merchant,45,207.40910097550451,4.587606307770411,3,0,0,3,3,0.8244242932325042
25,7,CityD,Merchant,44,220.0865500861418,4.587606307770411,0,1,0,7,5,0.8273416797619084
26,1,CityD,Car,89,444.8629204657603,4.944682126438214,7,1,1,5,3,0.4947682507917114
26,2,CityD,Car,105,536.9821866654364,4.944682126438214,4,3,3,2,3,0.6749624079876334
26,3,CityD,Car,84,489.72527463753613,4.944682126438214,10,1,3,5,5,0.8577580132799807
26,4,CityD,Car,82,407.1857905432575,4.944682126438214,1,2,2,4,0,0.6291417413702833
26,5,CityD,Car,62,340.1003535796566,4.944682126438214,6,0,4,0,1,0.49342416176347303
26,6,CityD,Car,73,397.56279376054545,4.944682126438214,2,0,2,0,7,0.5518595449137662
26,7,CityD,Car,89,444.57069398476676,4.944682126438214,5,4,0,2,3,0.8499197726806205
26,8,CityD,Car,97,553.1283471293962,4.944682126438214,5,2,6,0,2,0.1017882666995009
27,1,CityC,Bike,59,413.0701300539118,4.834356368211167,6,2,1,1,6,0.6491817487543036
27,2,CityC,Bike,76,590.7658347729182,4.834356368211167,4,0,1,4,1,0.5504927944874559
27,3,CityC,Bike,71,576.8308519695016,4.834356368211167,13,2,0,6,1,0.873614441264814
27,4,CityC,Bike,62,469.4555967765328,4.834356368211167,4,2,0,0,4,0.832481120680551
27,5,CityC,Bike,74,574.2709284791893,4.834356368211167,2,2,1,2,7,0.11046324756366425
27,6,CityC,Bike,65,484.8743956335943,4.834356368211167,5,1,0,6,3,0.38880350307845024
27,7,CityC,Bike,67,512.4866913929202,4.834356368211167,0,2,0,7,4,0.5514225431524564
27,8,CityC,Bike,70,539.9639705229561,4.834356368211167,0,2,3,4,3,0.18440687234063902
27,9,CityC,Bike,79,567.1346889983557,4.834356368211167,10,1,0,1,4,0.8101582009249784
27,10,CityC,Bike,53,401.906637307288,4.834356368211167,9,0,0,0,4,0.9251308306256609
28,1,CityA,Bike,81,854.5233900651599,4.573176607270755,7,1,3,4,3,0.8060852339420653
28,2,CityA,Bike,80,797.5391415073129,4.573176607270755,3,2,2,4,0,0.7243912346532012
28,3,CityA,Bike,76,794.8623007943693,4.573176607270755,7,1,5,6,7,0.6040623253065079
28,4,CityA,Bike,74,745.6631603998426,4.573176607270755,4,0,0,7,3,0.49676476564650973
28,5,CityA,Bike,87,789.759683704872,4.573176607270755,10,1,2,6,6,0.6148920076681982
28,6,CityA,Bike,93,995.8559513675979,4.573176607270755,7,4,2,6,3,0.7856009409773353
28,7,CityA,Bike,88,792.889869856119,4.573176607270755,1,0,1,4,4,0.9258030860320003
28,8,CityA,Bike,86,802.2777043516944,4.573176607270755,12,1,4,7,5,0.6477997355528786
28,9,CityA,Bike,81,837.6366805162205,4.573176607270755,9,2,2,5,6,0.13753764575115657
29,1,CityA,Car,48,403.05325793424925,4.779727556047097,3,1,1,6,5,0.3602167397476542
29,2,CityA,Car,48,377.95469443786385,4.779727556047097,5,0,1,1,7,0.1959918962831096
29,3,CityA,Car,39,302.7778471816704,4.779727556047097,2,0,1,6,5,0.22948015104485514
29,4,CityA,Car,50,371.63899499250954,4.779727556047097,1,2,0,2,4,0.45370321386042844
29,5,CityA,Car,36,293.0472010606676,4.779727556047097,4,1,1,1,3,0.2994554255094719
29,6,CityA,Car,49,367.03555648021774,4.779727556047097,3,1,1,6,5,0.8496933442633904
29,7,CityA,Car,49,364.6172534645908,4.779727556047097,1,1,2,0,6,0.5957765401410886
30,1,CityD,Car,61,395.59582843693653,5.0,9,2,3,2,4,0.1986192791459439
30,2,CityD,Car,49,268.96635464766933,5.0,7,3,0,2,4,0.2553861511583654
30,3,CityD,Car,53,331.5172032711959,5.0,6,1,1,5,7,0.427352101917125
30,4,CityD,Car,56,363.12068739480674,5.0,2,3,0,4,1,0.5692589599553711
30,5,CityD,Car,76,447.37630955406854,5.0,12,4,0,0,7,0.8911862027190163
30,6,CityD,Car,53,296.26644270167384,5.0,11,0,1,4,3,0.13655590908689857
30,7,CityD,Car,70,446.81171288641406,5.0,3,1,5,0,3,0.9065190624564609
30,8,CityD,Car,65,355.9382820412791,5.0,6,2,4,1,3,0.4380004426532307
30,9,CityD,Car,57,328.3748400620654,5.0,1,3,0,0,1,0.2544783121030435
30,10,CityD,Car,75,447.32167477750914,5.0,3,1,3,7,2,0.6635562442205095
30,11,CityD,Car,70,437.80823406005265,5.0,8,1,0,7,2,0.7036151170283559
31,1,CityD,Bike,48,311.21056098055465,4.643551909191243,5,2,1,1,3,0.6267743857181258
31,2,CityD,Bike,47,346.96660290332386,4.643551909191243,5,3,3,6,3,0.646396077580148
31,3,CityD,Bike,59,406.7167732545212,4.643551909191243,1,4,1,7,5,0.4532958586830198
31,4,CityD,Bike,38,249.63762858224757,4.643551909191243,4,4,3,5,1,0.5648306948288573
31,5,CityD,Bike,45,311.5658920139658,4.643551909191243,6,3,2,1,2,0.4330795519477171
32,1,CityD,Merchant,60,295.9418861264308,4.783461827864627,5,0,1,2,4,0.8717139747126764
32,2,CityD,Merchant,63,355.4061209657673,4.783461827864627,9,4,0,7,3,0.31023926844622085
32,3,CityD,Merchant,73,352.73646085571886,4.783461827864627,8,0,0,7,3,0.29437526266306746
32,4,CityD,Merchant,71,377.7765710050307,4.783461827864627,2,4,0,0,4,0.5087566246125577
32,5,CityD,Merchant,52,258.064216763426,4.783461827864627,6,0,1,3,3,0.7411252273449692
32,6,CityD,Merchant,63,353.7559668088845,4.783461827864627,9,2,1,2,1,0.6581364126516946
32,7,CityD,Merchant,52,291.97895626583545,4.783461827864627,1,0,0,1,7,0.3401069323804726
32,8,CityD,Merchant,54,305.01197733091306,4.783461827864627,4,1,1,3,6,0.859980157153263
32,9,CityD,Merchant,74,381.6202710965104,4.783461827864627,4,1,2,3,5,0.16048454239741788
33,1,CityC,Merchant,29,279.4503095718438,4.723189457090252,4,1,0,6,4,0.13193542683907128
33,2,CityC,Merchant,43,369.22057580547283,4.723189457090252,0,1,1,6,6,0.3585689116908387
33,3,CityC,Merchant,23,192.0963681234148,4.723189457090252,6,0,2,6,1,0.35749126979436485
33,4,CityC,Merchant,26,232.7736511091594,4.723189457090252,4,0,2,6,7,0.7411110207297686
33,5,CityC,Merchant,48,459.63478123705215,4.723189457090252,1,0,2,2,7,0.13605895347585795
33,6,CityC,Merchant,16,141.4650640912279,4.723189457090252,1,1,0,0,2,0.4138886546832099
33,7,CityC,Merchant,44,405.06169946627097,4.723189457090252,7,3,1,4,0,0.39354065940815464
34,1,CityA,Merchant,87,413.95026914886176,4.796879626833291,7,3,0,2,7,0.7779152564566195
34,2,CityA,Merchant,49,247.86994965654165,4.796879626833291,3,1,2,7,2,0.465156552039655
34,3,CityA,Merchant,69,315.1041045874292,4.796879626833291,12,2,4,6,3,0.6312748081724249
34,4,CityA,Merchant,51,242.89074062930462,4.796879626833291,6,0,4,6,2,0.6337943752134834
34,5,CityA,Merchant,64,296.6004050457667,4.796879626833291,0,0,3,3,5,0.614679051623495
34,6,CityA,Merchant,66,309.79895110151597,4.796879626833291,1,1,0,6,3,0.9347421064635681
34,7,CityA,Merchant,78,356.02714261781415,4.796879626833291,12,6,3,0,0,0.10975856078697117
34,8,CityA,Merchant,79,386.676032564627,4.796879626833291,8,6,1,3,0,0.2737744878571148
34,9,CityA,Merchant,63,318.0402571830808,4.796879626833291,7,2,1,6,6,0.24629401239936102
35,1,CityD,Merchant,53,292.2784259553014,4.642358015060942,2,1,2,0,2,0.3304318156994559
35,2,CityD,Merchant,51,300.73284368261636,4.642358015060942,11,0,3,7,4,0.27223773901504167
35,3,CityD,Merchant,55,329.564893675793,4.642358015060942,0,1,3,3,0,0.8138313656647627
35,4,CityD,Merchant,46,249.47936309390377,4.642358015060942,9,0,0,2,4,0.877366364271275
35,5,CityD,Merchant,22,125.57304870194511,4.642358015060942,0,1,0,3,4,0.17768276338200995
35,6,CityD,Merchant,34,184.8197846734948,4.642358015060942,6,0,0,7,1,0.15314735138141888
35,7,CityD,Merchant,56,330.80356692143516,4.642358015060942,3,4,4,2,6,0.562615871196643
35,8,CityD,Merchant,35,190.29661984218058,4.642358015060942,4,1,0,0,4,0.5967815732938121
35,9,CityD,Merchant,21,118.26303653431522,4.642358015060942,3,1,0,3,5,0.4634611336478367
36,1,CityC,Bike,60,491.016081064376,4.810486141190351,5,0,0,2,5,0.10976860230339802
36,2,CityC,Bike,69,589.6136244682707,4.810486141190351,6,3,4,2,4,0.802514876666398
36,3,CityC,Bike,69,541.470327580188,4.810486141190351,9,1,1,7,0,0.8038993046553913
36,4,CityC,Bike,53,435.1112332163129,4.810486141190351,8,1,0,0,4,0.8680246769176507
36,5,CityC,Bike,59,543.7770562822403,4.810486141190351,7,1,0,6,4,0.4494295675483738
36,6,CityC,Bike,34,309.06867628401125,4.810486141190351,2,1,1,3,1,0.35226867971687303
36,7,CityC,Bike,35,299.4098248717407,4.810486141190351,6,0,0,1,3,0.3643521205227782
37,1,CityC,Bike,67,430.03210174557546,4.7763293470062305,4,2,1,1,1,0.4501643807789867
37,2,CityC,Bike,70,477.15392585218166,4.7763293470062305,7,0,0,7,7,0.6882625999707135
37,3,CityC,Bike,61,417.75259819508506,4.7763293470062305,2,0,0,4,2,0.5765765506981074
37,4,CityC,Bike,53,344.9876603679701,4.7763293470062305,4,0,3,0,5,0.8168272426197006
37,5,CityC,Bike,45,302.23144734344123,4.7763293470062305,2,4,0,5,0,0.7830070105432129
37,6,CityC,Bike,64,438.7932581727579,4.7763293470062305,0,2,4,3,3,0.6510703063342812
37,7,CityC,Bike,64,430.8358796074691,4.7763293470062305,11,1,0,7,7,0.15840662606536682
37,8,CityC,Bike,59,364.6586830135907,4.7763293470062305,6,3,0,5,7,0.5113909629527851
37,9,CityC,Bike,68,394.1236050153657,4.7763293470062305,8,4,3,0,2,0.6704838523727353
37,10,CityC,Bike,81,526.4276908621287,4.7763293470062305,6,2,5,6,6,0.6075820100917565
38,1,CityD,Merchant,90,416.5272286320783,4.6413938859083705,11,5,3,1,1,0.2136029941989403
38,2,CityD,Merchant,62,334.2886021325908,4.6413938859083705,4,2,1,5,4,0.8020300512186258
38,3,CityD,Merchant,60,294.14556245727255,4.6413938859083705,3,0,4,7,6,0.9358098082956973
38,4,CityD,Merchant,87,450.9791434066425,4.6413938859083705,1,1,3,6,4,0.6355338967079849
38,5,CityD,Merchant,87,460.45634053058495,4.6413938859083705,10,1,3,4,5,0.18017831234738707
38,6,CityD,Merchant,88,452.59886766576733,4.6413938859083705,16,7,4,2,4,0.495951890239656
38,7,CityD,Merchant,86,430.78710865917924,4.6413938859083705,3,7,3,5,6,0.16818890948735699
39,1,CityD,Merchant,58,253.490268703755,4.6427982448747045,6,3,2,4,4,0.7432206420082828
39,2,CityD,Merchant,71,284.2661969822708,4.6427982448747045,3,6,1,2,4,0.9462864430740509
39,3,CityD,Merchant,49,219.93360121416873,4.6427982448747045,7,2,0,1,2,0.6759018718011319
39,4,CityD,Merchant,59,225.50147985559724,4.6427982448747045,6,2,0,7,6,0.609406798718522
39,5,CityD,Merchant,52,199.25801176768923,4.6427982448747045,5,3,0,7,0,0.6182428113797235
39,6,CityD,Merchant,62,269.2304601910476,4.6427982448747045,9,1,0,5,1,0.8831113853810291
39,7,CityD,Merchant,58,241.42973976627968,4.6427982448747045,4,0,0,7,3,0.8488270547937088
39,8,CityD,Merchant,57,219.9052977924191,4.6427982448747045,11,1,1,2,2,0.12552210452998389
40,1,CityB,Bike,70,520.4904956532503,5.0,12,1,0,3,1,0.2949609104820215
40,2,CityB,Bike,74,499.3597215250905,5.0,1,0,5,7,7,0.47377941353172226
40,3,CityB,Bike,84,550.5450670859102,5.0,3,0,2,7,3,0.2789308987155415
40,4,CityB,Bike,69,497.4703169249986,5.0,1,1,0,6,2,0.578897109811276
41,1,CityD,Bike,72,579.3203700602577,4.854673507841131,10,2,1,5,4,0.3950030132244857
41,2,CityD,Bike,85,657.048131626796,4.854673507841131,1,0,6,1,2,0.5443461203275893
41,3,CityD,Bike,83,617.5687735238969,4.854673507841131,9,3,1,7,6,0.6937510314277665
41,4,CityD,Bike,87,703.6443997790423,4.854673507841131,15,3,4,5,3,0.9247000427526453
41,5,CityD,Bike,56,455.3534736705586,4.854673507841131,5,1,1,2,4,0.44557326623688864
41,6,CityD,Bike,85,645.904233355541,4.854673507841131,7,2,6,3,0,0.7200442043569141
41,7,CityD,Bike,91,691.035602827334,4.854673507841131,11,0,2,6,5,0.7389247462194813
41,8,CityD,Bike,96,654.32424830135,4.854673507841131,4,1,0,7,1,0.9062275017354655
42,1,CityC,Merchant,72,564.2071103305872,5.0,8,5,2,1,4,0.6732397040418843
42,2,CityC,Merchant,74,596.6163793713953,5.0,1,1,3,4,6,0.6323739989077658
42,3,CityC,Merchant,72,598.7450044663874,5.0,13,1,1,4,5,0.8777209853162733
42,4,CityC,Merchant,60,431.0059352033062,5.0,10,1,0,6,0,0.279164231951485
42,5,CityC,Merchant,76,621.1439630277654,5.0,9,2,0,0,2,0.4557949427017658
42,6,CityC,Merchant,66,484.5587383667975,5.0,3,0,2,7,5,0.35130636037061247
42,7,CityC,Merchant,78,598.2090614420272,5.0,8,1,3,3,6,0.4702980718880334
42,8,CityC,Merchant,81,656.9726383271582,5.0,2,2,2,0,6,0.9371188823720299
42,9,CityC,Merchant,64,460.6565646462457,5.0,1,1,1,6,1,0.2609844052021192
42,10,CityC,Merchant,72,496.8997014604571,5.0,3,1,0,2,1,0.9003029737417749
43,1,CityC,Merchant,24,157.92689687928012,5.0,2,0,1,2,1,0.6132274431397317
43,2,CityC,Merchant,36,227.94370400295966,5.0,1,3,0,0,4,0.5960642814568847
43,3,CityC,Merchant,36,238.5170758232754,5.0,0,0,0,2,5,0.5446715675925904
43,4,CityC,Merchant,26,178.2670445840295,5.0,1,1,0,4,7,0.17834276470156746
44,1,CityA,Merchant,92,372.96874569988927,5.0,3,3,8,0,6,0.9242650878782804
44,2,CityA,Merchant,108,469.02715795269376,5.0,3,0,1,6,0,0.3149294005125945
44,3,CityA,Merchant,69,323.4962455125661,5.0,8,1,2,1,4,0.1719850905940108
44,4,CityA,Merchant,98,428.659089751243,5.0,10,1,6,2,4,0.4902554197936787
44,5,CityA,Merchant,92,374.2147733884701,5.0,14,0,2,5,2,0.6579481629755584
44,6,CityA,Merchant,86,414.37713167310943,5.0,9,0,1,2,6,0.6625110726008927
44,7,CityA,Merchant,85,378.08198534745105,5.0,8,4,1,0,2,0.4016630309635709
44,8,CityA,Merchant,81,350.4819589465079,5.0,9,0,0,3,7,0.1356279342088189
44,9,CityA,Merchant,76,360.0480240249134,5.0,5,3,2,7,6,0.8941584970423667
45,1,CityB,Bike,64,394.4968326213834,4.592711359627587,1,2,1,5,7,0.4687049811153149
45,2,CityB,Bike,54,293.1076684376202,4.592711359627587,3,1,2,1,2,0.7059190964818117
45,3,CityB,Bike,65,351.65549009912104,4.592711359627587,4,2,0,6,2,0.4862426813079599
45,4,CityB,Bike,87,524.9935770290624,4.592711359627587,10,2,0,1,2,0.8540514196401436
45,5,CityB,Bike,74,458.1114604526838,4.592711359627587,6,2,4,5,1,0.38946311015791235
45,6,CityB,Bike,48,291.01066393709397,4.592711359627587,0,0,1,5,4,0.35891200240806187
46,1,CityC,Bike,69,419.93032823042574,4.652872948875396,12,2,1,3,4,0.5812827633897241
46,2,CityC,Bike,107,638.2522251576489,4.652872948875396,3,0,1,6,4,0.36992139288907644
46,3,CityC,Bike,96,518.9810046394011,4.652872948875396,0,0,2,6,7,0.38219855010210035
46,4,CityC,Bike,91,543.60172175232,4.652872948875396,10,3,0,4,2,0.8741822703243413
47,1,CityB,Bike,59,310.6432093274941,4.799872943687314,4,5,0,2,5,0.3044518474031264
47,2,CityB,Bike,35,203.08497982233555,4.799872943687314,5,1,0,4,5,0.6705802014447626
47,3,CityB,Bike,40,246.46516066963173,4.799872943687314,4,3,1,4,6,0.34602359337656474
47,4,CityB,Bike,41,228.48441837067168,4.799872943687314,3,0,2,5,6,0.8942680829404251
47,5,CityB,Bike,53,300.6203165710362,4.799872943687314,2,0,7,0,6,0.2787707728429246
47,6,CityB,Bike,49,289.429930736967,4.799872943687314,4,0,3,4,2,0.37567997074879034
47,7,CityB,Bike,53,303.41233111659085,4.799872943687314,6,0,1,3,1,0.29833289925192763
48,1,CityA,Bike,64,325.1689274890889,5.0,7,1,0,1,7,0.7857439292207572
48,2,CityA,Bike,54,317.68962180256096,5.0,6,2,2,0,5,0.43820154922346954
48,3,CityA,Bike,64,328.8664777577692,5.0,0,3,1,1,3,0.22808436395070872
48,4,CityA,Bike,73,430.23937607368515,5.0,13,8,1,4,3,0.6223129108848865
48,5,CityA,Bike,45,260.4951251834887,5.0,2,0,0,3,7,0.8672996838785527
48,6,CityA,Bike,66,387.94186626726486,5.0,0,5,1,4,4,0.8601253505179518
48,7,CityA,Bike,47,248.38940595286442,5.0,2,1,0,7,7,0.8602437303512311
48,8,CityA,Bike,70,410.4006983332498,5.0,10,2,6,2,0,0.43141478434741853
48,9,CityA,Bike,49,247.20892330376068,5.0,11,0,1,2,0,0.37202321907803315
48,10,CityA,Bike,60,328.8334506740218,5.0,3,3,1,3,2,0.6666245221474665
48,11,CityA,Bike,62,324.79215698902175,5.0,7,1,3,0,5,0.3614003261668879
49,1,CityB,Bike,61,321.23058119814584,4.501305139596618,2,0,2,5,2,0.6421080205687528
49,2,CityB,Bike,52,286.4629327811591,4.501305139596618,1,1,1,0,2,0.7884357572574644
49,3,CityB,Bike,77,387.8873970466314,4.501305139596618,7,1,1,4,4,0.11779400015272329
49,4,CityB,Bike,67,334.1094591332989,4.501305139596618,2,2,2,0,6,0.48605611332620013
49,5,CityB,Bike,68,334.5267404277534,4.501305139596618,2,3,0,3,5,0.23763455563738164
49,6,CityB,Bike,60,320.47130006379507,4.501305139596618,9,1,1,2,5,0.4291832497111151
49,7,CityB,Bike,54,287.87234194482386,4.501305139596618,2,3,1,1,0,0.6115357238536301
49,8,CityB,Bike,81,426.2310864600503,4.501305139596618,4,0,1,2,5,0.14978050949185379
50,1,CityC,Bike,99,754.059413727613,4.671857986945593,11,0,4,2,2,0.4158145346218932
50,2,CityC,Bike,94,685.9632606241428,4.671857986945593,7,0,6,3,1,0.3609264398776655
50,3,CityC,Bike,113,803.4099849492549,4.671857986945593,10,4,2,7,5,0.4990908655437887
50,4,CityC,Bike,93,720.7462138964594,4.671857986945593,8,0,2,1,3,0.1204936643973668
51,1,CityD,Bike,34,234.95938686986455,4.887575425494405,6,0,1,3,6,0.6367399736955675
51,2,CityD,Bike,22,176.6353435316651,4.887575425494405,2,1,0,6,0,0.5858665020605023
51,3,CityD,Bike,51,389.2484112731133,4.887575425494405,3,0,0,3,4,0.4287009984873812
51,4,CityD,Bike,42,290.4218264354134,4.887575425494405,3,1,0,3,2,0.15273520441307115
51,5,CityD,Bike,38,292.48874185688794,4.887575425494405,5,0,0,0,5,0.5600795943004264
51,6,CityD,Bike,29,226.72033023891504,4.887575425494405,2,1,0,0,3,0.2047912124041048
51,7,CityD,Bike,20,147.62461877067037,4.887575425494405,4,0,0,1,2,0.1035593270837642
51,8,CityD,Bike,38,298.517239044468,4.887575425494405,3,1,0,5,0,0.18366056073616344
51,9,CityD,Bike,38,301.87870827026035,4.887575425494405,2,0,1,1,1,0.5648895445876554
52,1,CityB,Merchant,77,806.4820027166562,4.70520711828646,5,2,1,6,5,0.25375811617206356
52,2,CityB,Merchant,59,596.1995053197588,4.70520711828646,4,1,4,4,5,0.15067472654296016
52,3,CityB,Merchant,58,543.6965442804526,4.70520711828646,4,6,1,3,4,0.21305832907122946
52,4,CityB,Merchant,70,621.8690535104746,4.70520711828646,13,8,0,7,6,0.5112321588815502
52,5,CityB,Merchant,47,456.5315846627843,4.70520711828646,2,1,0,2,6,0.1214192305979092
53,1,CityC,Car,63,252.0429666171992,4.722039299755155,3,1,1,3,0,0.2553384910893205
53,2,CityC,Car,84,344.8806450204569,4.722039299755155,9,0,0,2,6,0.5877730082787727
53,3,CityC,Car,60,236.44317335844528,4.722039299755155,3,1,0,7,1,0.6329231693494091
53,4,CityC,Car,82,370.8562664462329,4.722039299755155,6,0,0,7,6,0.4270226900313282
53,5,CityC,Car,89,385.9284282230189,4.722039299755155,3,1,4,1,3,0.11241764754255043
53,6,CityC,Car,55,227.75140217361746,4.722039299755155,4,2,0,6,2,0.5737942196670591
53,7,CityC,Car,78,352.7207231543049,4.722039299755155,13,0,0,2,7,0.37178171609654065
53,8,CityC,Car,81,314.48776993422206,4.722039299755155,0,1,0,4,1,0.8749669953758593
53,9,CityC,Car,69,304.54227988577435,4.722039299755155,10,1,1,4,6,0.22866549557378368
53,10,CityC,Car,63,249.68829077089154,4.722039299755155,1,2,2,6,5,0.4119171959561204
54,1,CityC,Bike,79,584.3534069563009,4.82288050632616,13,2,5,0,2,0.912848099286357
54,2,CityC,Bike,78,560.2321603220569,4.82288050632616,3,0,5,6,4,0.8298934030578877
54,3,CityC,Bike,82,691.5623052141202,4.82288050632616,7,6,2,0,5,0.6488662868483955
54,4,CityC,Bike,83,628.7624302973577,4.82288050632616,13,2,2,5,2,0.7901542994422008
54,5,CityC,Bike,94,805.8656098362036,4.82288050632616,7,1,4,3,2,0.8420866749629228
54,6,CityC,Bike,91,766.3003806418359,4.82288050632616,4,4,1,0,2,0.6136660349042719
55,1,CityD,Merchant,79,689.3842849594977,5.0,12,0,1,5,2,0.6772881830716283
55,2,CityD,Merchant,77,709.0161253975699,5.0,2,3,2,7,7,0.10910800304105511
55,3,CityD,Merchant,71,620.3571923054751,5.0,3,1,3,4,0,0.21761585551247312
55,4,CityD,Merchant,67,659.1799186771234,5.0,1,2,1,4,5,0.2663557440847017
55,5,CityD,Merchant,71,626.7062896653362,5.0,4,3,1,6,0,0.4699729377080708
55,6,CityD,Merchant,77,748.9916214872786,5.0,1,0,0,3,5,0.8172974995462896
56,1,CityA,Merchant,50,246.8663853428084,4.6705583515103735,1,0,2,0,6,0.13025169618550494
56,2,CityA,Merchant,51,270.79500198393544,4.6705583515103735,3,2,4,2,5,0.7613393605107193
56,3,CityA,Merchant,48,238.44322003545642,4.6705583515103735,7,3,0,5,0,0.8289010165891351
56,4,CityA,Merchant,55,266.87399438397085,4.6705583515103735,0,1,2,5,7,0.36164627752220124
56,5,CityA,Merchant,47,223.14172325378806,4.6705583515103735,0,0,0,5,4,0.8445191862499104
56,6,CityA,Merchant,52,251.51409719820026,4.6705583515103735,3,0,0,0,6,0.7656872162851426
56,7,CityA,Merchant,62,286.98965610629887,4.6705583515103735,3,1,1,4,5,0.16617804166745415
56,8,CityA,Merchant,50,268.0659008783882,4.6705583515103735,0,4,4,6,6,0.26933673296151506
56,9,CityA,Merchant,55,263.4926019146584,4.6705583515103735,2,1,1,1,1,0.3637622097888654
57,1,CityA,Bike,35,281.90089770019813,4.746708292070263,2,0,4,1,0,0.13663509260607545
57,2,CityA,Bike,27,258.25022165943614,4.746708292070263,1,1,1,1,2,0.6335185455849873
57,3,CityA,Bike,19,156.52023638278052,4.746708292070263,2,2,1,6,0,0.3845706856070773
57,4,CityA,Bike,41,349.5555163730298,4.746708292070263,1,1,0,6,6,0.35491295404535583
57,5,CityA,Bike,16,144.4696443025617,4.746708292070263,2,1,0,1,1,0.25313485057272633
57,6,CityA,Bike,43,341.64722505370344,4.746708292070263,4,0,0,4,7,0.22508876343070353
57,7,CityA,Bike,19,160.05497796596273,4.746708292070263,1,0,0,0,0,0.23744037028288884
57,8,CityA,Bike,34,321.42524565242184,4.746708292070263,3,0,1,0,5,0.7458501096641301
58,1,CityD,Car,38,268.8008133354693,5.0,2,1,1,7,4,0.2617864288307904
58,2,CityD,Car,19,154.36540380128557,5.0,1,0,1,1,2,0.93790301214788
58,3,CityD,Car,43,312.0783926548809,5.0,1,1,0,7,1,0.5959082911656698
58,4,CityD,Car,52,387.14424797755265,5.0,5,1,0,0,1,0.12283750593819501
58,5,CityD,Car,30,226.37383366139295,5.0,2,1,1,5,7,0.6785715172418765
58,6,CityD,Car,36,278.9576322311331,5.0,3,0,0,0,5,0.2176129707549615
58,7,CityD,Car,45,367.0528815696393,5.0,4,1,2,5,5,0.5226658036022462
59,1,CityB,Bike,30,141.0159204765144,5.0,1,0,1,6,7,0.803523915564081
59,2,CityB,Bike,35,170.51845435304534,5.0,2,0,1,0,2,0.6986850185636033
59,3,CityB,Bike,42,187.68962846082206,5.0,3,0,2,0,0,0.7731076252263698
59,4,CityB,Bike,43,212.36089136265795,5.0,1,1,3,1,4,0.2054912625567108
59,5,CityB,Bike,44,191.61636958385563,5.0,2,0,0,3,4,0.7188104191267677
59,6,CityB,Bike,34,167.96307355323285,5.0,2,0,2,5,4,0.2163183915984033
59,7,CityB,Bike,25,121.446238070868,5.0,5,1,0,2,1,0.1536404137482143
60,1,CityB,Car,25,199.92433564946987,4.614746709861717,4,1,0,0,3,0.4212949328322302
60,2,CityB,Car,11,96.90936742846522,4.614746709861717,1,0,0,6,7,0.9022113946631137
60,3,CityB,Car,24,188.75938405741886,4.614746709861717,4,0,0,5,3,0.2966539959204977
60,4,CityB,Car,26,204.9481933449698,4.614746709861717,6,1,0,1,2,0.6823983362861135
60,5,CityB,Car,19,145.52392433508587,4.614746709861717,0,0,0,1,5,0.1542978023162674
60,6,CityB,Car,22,170.34652149558653,4.614746709861717,1,0,2,1,4,0.8315676485205523
61,1,CityD,Car,15,141.2370914178482,4.863387377382181,2,1,0,1,7,0.872502523059333
61,2,CityD,Car,33,304.0434766668333,4.863387377382181,2,0,0,4,4,0.49827344540246443
61,3,CityD,Car,37,330.032752229061,4.863387377382181,4,0,1,7,6,0.11785778343840664
61,4,CityD,Car,25,255.07717530833736,4.863387377382181,1,2,1,4,1,0.8950853162176289
61,5,CityD,Car,20,201.5580345025466,4.863387377382181,3,1,0,7,0,0.7505188545965783
62,1,CityB,Merchant,76,299.89222247765764,4.564780055235421,15,0,1,4,2,0.6443236346476049
62,2,CityB,Merchant,97,410.3510293199549,4.564780055235421,8,3,0,3,1,0.8856631319946742
62,3,CityB,Merchant,99,392.8831512813771,4.564780055235421,4,1,7,5,1,0.6729321873112132
62,4,CityB,Merchant,99,395.0447778536676,4.564780055235421,10,4,3,2,1,0.8283100472646998
62,5,CityB,Merchant,76,316.6858539122215,4.564780055235421,5,2,2,5,3,0.7433885104402252
62,6,CityB,Merchant,100,461.15001967360564,4.564780055235421,4,0,3,5,4,0.15287432779683735
63,1,CityA,Bike,51,306.1702482220082,4.822388138677665,2,5,0,4,3,0.41947459540468235
63,2,CityA,Bike,56,349.6920859396772,4.822388138677665,0,0,0,2,3,0.6997730090666491
63,3,CityA,Bike,36,230.75404766368302,4.822388138677665,5,0,0,3,4,0.8954522133923993
63,4,CityA,Bike,47,273.44103449000465,4.822388138677665,2,0,2,3,1,0.31324245095869396
63,5,CityA,Bike,55,341.16539172281347,4.822388138677665,8,1,0,0,3,0.32331280202710744
63,6,CityA,Bike,47,274.2788803744837,4.822388138677665,5,3,2,2,0,0.4804190768401526
63,7,CityA,Bike,38,203.54549323212586,4.822388138677665,0,1,1,4,4,0.3951133424278801
63,8,CityA,Bike,60,372.81367193098026,4.822388138677665,10,2,4,0,0,0.12043505176147215
63,9,CityA,Bike,66,406.57179286049654,4.822388138677665,4,2,1,3,5,0.20984023008733696
63,10,CityA,Bike,50,267.4615387098355,4.822388138677665,3,0,0,2,3,0.2133277938911889
64,1,CityC,Car,74,372.7161520491144,4.62613185444505,8,1,2,2,2,0.2575975228179461
64,2,CityC,Car,94,504.699461594516,4.62613185444505,3,5,1,6,5,0.6609944326150196
64,3,CityC,Car,80,392.8829456740913,4.62613185444505,1,3,0,1,4,0.5368621296871018
64,4,CityC,Car,102,494.18576375777775,4.62613185444505,10,0,0,6,3,0.7984895544375817
64,5,CityC,Car,98,456.6897568914584,4.62613185444505,6,6,0,6,1,0.7624603947848517
64,6,CityC,Car,116,616.007672468339,4.62613185444505,1,4,0,1,5,0.9385142913359701
64,7,CityC,Car,97,465.6031754329361,4.62613185444505,7,3,4,5,1,0.2011681088191699
64,8,CityC,Car,93,440.9678831964945,4.62613185444505,7,1,2,7,1,0.10628311622764908
64,9,CityC,Car,86,432.7478801136075,4.62613185444505,4,3,1,7,5,0.4048621585724903
64,10,CityC,Car,89,410.50376089830036,4.62613185444505,4,1,1,1,0,0.7610598657116681
64,11,CityC,Car,77,365.5471741019367,4.62613185444505,4,0,5,3,7,0.8732821337057812
65,1,CityB,Car,82,346.56204154631314,4.812813160049639,6,0,3,4,7,0.564848997719318
65,2,CityB,Car,53,207.08558476626484,4.812813160049639,3,1,0,7,0,0.5708825641370685
65,3,CityB,Car,75,310.57975909046047,4.812813160049639,3,1,3,3,0,0.4728516656705868
65,4,CityB,Car,57,259.00639957379923,4.812813160049639,4,1,1,2,6,0.3520569511772227
65,5,CityB,Car,52,213.86134389891902,4.812813160049639,10,0,1,1,5,0.6668951049236345
65,6,CityB,Car,62,264.1153894878369,4.812813160049639,2,1,1,6,1,0.8645006438422265
65,7,CityB,Car,55,219.95345421404923,4.812813160049639,5,2,1,7,4,0.8294757723304753
65,8,CityB,Car,55,235.640654834878,4.812813160049639,7,7,0,6,6,0.3956150425915541
65,9,CityB,Car,45,175.6162710036325,4.812813160049639,1,2,0,0,0,0.7390253992621678
65,10,CityB,Car,44,174.57603381018689,4.812813160049639,1,3,2,6,1,0.3338945956148578
66,1,CityC,Bike,78,493.7639538290207,5.0,7,0,1,7,4,0.21873851671249786
66,2,CityC,Bike,73,459.1361886135325,5.0,17,3,3,5,2,0.2166430746243404
66,3,CityC,Bike,66,393.65359586350706,5.0,6,1,0,7,1,0.6148906709427941
66,4,CityC,Bike,73,451.75444654067485,5.0,6,3,4,4,5,0.4409757740680279
66,5,CityC,Bike,66,368.08366302306234,5.0,3,4,1,2,7,0.9215750807718717
66,6,CityC,Bike,73,434.9284787925518,5.0,5,3,4,0,2,0.6897836875943724
66,7,CityC,Bike,78,481.5553865216316,5.0,1,1,2,4,1,0.16017272060949828
67,1,CityC,Car,20,78.64383028032209,4.780499123808909,2,1,0,4,1,0.5110383978482873
67,2,CityC,Car,17,66.57643424556886,4.780499123808909,5,0,0,6,7,0.5878397657045349
67,3,CityC,Car,31,134.27848495933938,4.780499123808909,7,0,3,1,6,0.8080791243499094
67,4,CityC,Car,16,68.81089662989197,4.780499123808909,2,1,0,7,3,0.5638183652233395
67,5,CityC,Car,11,47.90941039078529,4.780499123808909,0,0,0,2,0,0.19113903507721433
68,1,CityA,Car,32,203.5466070116153,4.9811530908861466,0,0,0,6,6,0.18735300625231455
68,2,CityA,Car,41,257.23458146638194,4.9811530908861466,3,0,0,7,5,0.49696518654348043
68,3,CityA,Car,30,186.5932799343242,4.9811530908861466,3,1,1,4,6,0.28508639910891864
68,4,CityA,Car,48,295.1005019326792,4.9811530908861466,2,3,1,0,0,0.502964824491679
68,5,CityA,Car,37,223.76683288434626,4.9811530908861466,1,1,1,1,0,0.18122523836458493
68,6,CityA,Car,47,340.69583585650344,4.9811530908861466,12,1,0,1,6,0.25074865741078145
69,1,CityA,Bike,76,424.0458319165416,4.739403641967921,6,2,0,3,4,0.7935624210029256
69,2,CityA,Bike,68,346.95897182019723,4.739403641967921,11,0,5,0,1,0.15955839136301103
69,3,CityA,Bike,73,350.5019178180356,4.739403641967921,2,3,3,3,1,0.7220918266935257
69,4,CityA,Bike,71,384.3418316454703,4.739403641967921,1,6,3,4,5,0.7769321142267526
69,5,CityA,Bike,65,348.993306683805,4.739403641967921,8,2,0,7,3,0.11417081800968815
69,6,CityA,Bike,72,357.4509953983646,4.739403641967921,7,1,5,0,2,0.4457576862862044
69,7,CityA,Bike,80,443.6033722173024,4.739403641967921,0,0,2,1,4,0.45928362670881184
69,8,CityA,Bike,71,391.4429504142335,4.739403641967921,4,1,1,4,0,0.45328361472478185
69,9,CityA,Bike,93,466.29311646355296,4.739403641967921,14,2,1,7,4,0.9462984001731969
69,10,CityA,Bike,55,293.58872011845546,4.739403641967921,10,2,1,1,0,0.49434582393665727
69,11,CityA,Bike,47,235.03535069865703,4.739403641967921,5,2,1,6,7,0.41944803615674986
69,12,CityA,Bike,78,406.5834206666425,4.739403641967921,7,0,5,1,2,0.539681344291164
70,1,CityA,Merchant,82,622.4825157071654,4.593819623314437,11,3,1,1,4,0.3110443576862191
70,2,CityA,Merchant,67,588.20065681079,4.593819623314437,5,1,0,3,6,0.29917630580294774
70,3,CityA,Merchant,77,595.9880925043647,4.593819623314437,1,1,1,0,7,0.13813147398355946
70,4,CityA,Merchant,80,655.5584697659417,4.593819623314437,3,5,4,5,6,0.7560606299455934
70,5,CityA,Merchant,87,752.6139370566923,4.593819623314437,4,5,2,5,4,0.34577778428602834
70,6,CityA,Merchant,77,671.5877779896232,4.593819623314437,0,2,0,3,3,0.13789987882402238
70,7,CityA,Merchant,85,702.4321498621633,4.593819623314437,4,2,0,1,0,0.5277373526298392
70,8,CityA,Merchant,79,665.385357696553,4.593819623314437,4,1,4,0,0,0.9179873488590258
70,9,CityA,Merchant,70,574.0935900332511,4.593819623314437,5,7,1,5,0,0.21260005789063757
70,10,CityA,Merchant,78,629.7325357844287,4.593819623314437,4,3,1,7,5,0.323291155451645
70,11,CityA,Merchant,72,590.070676999261,4.593819623314437,6,1,1,7,1,0.20778152925774604
71,1,CityD,Merchant,27,214.72925300594318,4.695089914703132,0,3,2,5,4,0.43506192040992175
71,2,CityD,Merchant,14,113.23250038898658,4.695089914703132,1,1,0,0,7,0.5181388204332599
71,3,CityD,Merchant,7,56.04197865905786,4.695089914703132,0,0,0,1,4,0.4915718729067442
71,4,CityD,Merchant,27,196.28222915690534,4.695089914703132,0,1,0,1,2,0.4207462056457649
71,5,CityD,Merchant,14,104.96611103632891,4.695089914703132,1,0,1,0,6,0.5791765362285896
71,6,CityD,Merchant,14,99.61412272597916,4.695089914703132,0,0,0,1,6,0.3713415031182602
71,7,CityD,Merchant,22,152.44286377816715,4.695089914703132,2,1,1,1,4,0.6970389129185088
71,8,CityD,Merchant,9,70.21581469256833,4.695089914703132,1,0,0,6,2,0.7819326425753561
71,9,CityD,Merchant,23,166.9591830278398,4.695089914703132,0,1,0,1,3,0.18698235260395368
71,10,CityD,Merchant,37,274.76568515925226,4.695089914703132,6,1,0,4,2,0.7656860246737174
72,1,CityC,Bike,74,308.5269265785311,4.6155392420631856,6,8,2,3,3,0.11347406589709486
72,2,CityC,Bike,74,281.17882024337763,4.6155392420631856,4,2,1,0,7,0.4139824897868467
72,3,CityC,Bike,72,279.4487173736466,4.6155392420631856,4,3,2,4,0,0.5242423593914656
72,4,CityC,Bike,66,260.64318205691825,4.6155392420631856,0,0,0,5,1,0.9498718578134402
72,5,CityC,Bike,60,225.00962108492365,4.6155392420631856,4,1,3,6,6,0.8599061182292851
72,6,CityC,Bike,51,223.76033190409808,4.6155392420631856,7,1,3,4,7,0.30699908806460585
72,7,CityC,Bike,70,316.7066197239631,4.6155392420631856,1,2,0,6,6,0.4454557598518172
72,8,CityC,Bike,64,242.41137225422227,4.6155392420631856,5,0,1,4,2,0.5259883217388668
72,9,CityC,Bike,80,325.4407950647362,4.6155392420631856,9,1,2,6,5,0.28791081989189304
72,10,CityC,Bike,69,282.4964224747069,4.6155392420631856,1,0,4,6,7,0.3785851420117089
73,1,CityC,Bike,34,280.8431575598857,5.0,3,1,0,7,3,0.6424907527845197
73,2,CityC,Bike,35,262.00934521075624,5.0,2,1,0,3,0,0.817128450215231
73,3,CityC,Bike,42,328.1965741545467,5.0,6,0,1,0,1,0.4843828350864603
73,4,CityC,Bike,33,236.48247165123115,5.0,5,1,1,6,5,0.7158742227849955
73,5,CityC,Bike,48,366.1912015780719,5.0,5,1,0,7,6,0.7874795278259781
73,6,CityC,Bike,31,232.6281871467102,5.0,3,0,2,4,1,0.6505620462575201
73,7,CityC,Bike,38,293.822554784708,5.0,3,0,1,3,1,0.14480332137542315
74,1,CityA,Bike,44,300.258643854989,4.656622386069912,2,2,3,6,5,0.4520117873922336
74,2,CityA,Bike,25,164.2059634127012,4.656622386069912,6,0,0,5,7,0.480375210638864
74,3,CityA,Bike,19,128.41274445251395,4.656622386069912,3,0,1,7,6,0.15109227266663644
74,4,CityA,Bike,23,157.40743709422446,4.656622386069912,1,1,1,4,6,0.905604144727326
75,1,CityC,Bike,26,131.31184417575085,4.994920689583285,3,1,1,0,5,0.21943120764230428
75,2,CityC,Bike,43,231.942328102866,4.994920689583285,6,1,2,7,0,0.6612854559370084
75,3,CityC,Bike,5,25.324650853274164,4.994920689583285,0,0,0,6,0,0.20677327118280053
75,4,CityC,Bike,30,159.57807998903044,4.994920689583285,5,1,0,7,5,0.18746932509070052
75,5,CityC,Bike,20,105.48188951311339,4.994920689583285,2,0,0,0,3,0.1642032787833715
75,6,CityC,Bike,39,191.8676826859143,4.994920689583285,8,2,1,5,6,0.2224027403318488
75,7,CityC,Bike,34,188.55367165812135,4.994920689583285,3,0,0,5,5,0.5242943582732624
75,8,CityC,Bike,17,89.50693620158769,4.994920689583285,1,1,2,2,3,0.6969762325067508
75,9,CityC,Bike,25,134.92394290694705,4.994920689583285,1,2,0,5,2,0.5650035422806758
76,1,CityB,Car,26,125.2593122702838,4.848279296873998,0,2,0,0,0,0.6132238436932003
76,2,CityB,Car,28,124.23290734901856,4.848279296873998,2,0,1,5,6,0.16805389214962074
76,3,CityB,Car,19,88.88884519765388,4.848279296873998,0,1,2,1,4,0.14448292870556342
76,4,CityB,Car,41,204.3303242656033,4.848279296873998,2,2,1,6,3,0.2800284273992773
76,5,CityB,Car,40,199.10053949571105,4.848279296873998,0,0,1,4,4,0.5714274175294732
77,1,CityA,Merchant,77,309.70210827349393,4.7498738513999665,5,7,1,0,0,0.5752661579935231
77,2,CityA,Merchant,77,308.5859351701831,4.7498738513999665,4,0,4,2,0,0.14499554523349553
77,3,CityA,Merchant,89,379.25733995550036,4.7498738513999665,10,0,1,3,5,0.6924610618441235
77,4,CityA,Merchant,68,271.3144286807614,4.7498738513999665,1,1,0,7,7,0.33008106365647144
77,5,CityA,Merchant,99,391.0072603607887,4.7498738513999665,12,6,1,5,0,0.5000958495674024
77,6,CityA,Merchant,86,334.8627980358397,4.7498738513999665,8,2,0,4,2,0.5943505121722921
77,7,CityA,Merchant,103,420.4190949055376,4.7498738513999665,8,4,0,5,3,0.8960846853602132
77,8,CityA,Merchant,96,409.7998948199363,4.7498738513999665,1,1,0,1,7,0.7166479431826384
77,9,CityA,Merchant,85,317.980868605474,4.7498738513999665,5,4,1,2,3,0.5724901920691154
77,10,CityA,Merchant,81,304.6700990298292,4.7498738513999665,8,2,4,0,1,0.48233339209876436
77,11,CityA,Merchant,105,447.559641911523,4.7498738513999665,13,3,4,1,5,0.6828558535009788
78,1,CityD,Bike,70,364.699168106776,4.5521647063846915,0,3,2,4,3,0.7765703261605164
78,2,CityD,Bike,85,479.1387696164267,4.5521647063846915,7,1,1,3,6,0.5856330542261393
78,3,CityD,Bike,87,461.0592200121798,4.5521647063846915,10,0,5,2,2,0.5394553407282523
78,4,CityD,Bike,65,323.5565298186145,4.5521647063846915,5,4,1,7,7,0.5099476253967786
78,5,CityD,Bike,97,525.3378752398866,4.5521647063846915,6,1,0,2,0,0.4454453437808461
79,1,CityD,Car,22,199.45680232853528,4.922481794456004,4,1,0,6,7,0.34751698674713055
79,2,CityD,Car,17,165.98086088357482,4.922481794456004,0,1,0,1,2,0.8934368394623743
79,3,CityD,Car,32,297.0173518788823,4.922481794456004,1,0,1,0,1,0.19625693389384688
79,4,CityD,Car,30,286.0702541580775,4.922481794456004,5,1,0,5,7,0.35866145304773467
80,1,CityA,Bike,64,239.09033172850064,4.811378797201404,1,5,2,6,7,0.3790168258857365
80,2,CityA,Bike,65,240.3816283865123,4.811378797201404,9,0,1,4,6,0.9408879533404272
80,3,CityA,Bike,73,291.56631932515876,4.811378797201404,5,5,5,7,0,0.5679635055269961
80,4,CityA,Bike,70,298.88874510935125,4.811378797201404,3,1,3,7,4,0.18333785739429886
80,5,CityA,Bike,68,251.35091994089072,4.811378797201404,2,2,2,4,4,0.36899846645227374
80,6,CityA,Bike,75,317.1176819320699,4.811378797201404,0,3,0,5,1,0.8305775292811632
80,7,CityA,Bike,73,293.8150569883637,4.811378797201404,16,1,0,3,0,0.44425093379941616
80,8,CityA,Bike,93,404.9727088378507,4.811378797201404,2,7,0,2,2,0.23548565205569186
80,9,CityA,Bike,71,281.69700719638365,4.811378797201404,3,2,5,0,5,0.37795575322168684
80,10,CityA,Bike,62,254.89169491013112,4.811378797201404,5,0,6,1,1,0.5525061996321177
